{
  "Total" : {
    "transaction" : "Total",
    "sampleCount" : 616,
    "errorCount" : 516,
    "errorPct" : 83.766235,
    "meanResTime" : 4614.928571428574,
    "medianResTime" : 3050.5,
    "minResTime" : 1141.0,
    "maxResTime" : 24216.0,
    "pct1ResTime" : 9664.000000000002,
    "pct2ResTime" : 12066.449999999993,
    "pct3ResTime" : 15234.910000000003,
    "throughput" : 13.016376122556789,
    "receivedKBytesPerSec" : 14.710528922345482,
    "sentKBytesPerSec" : 2.415147913365029
  },
  "HTTP Request" : {
    "transaction" : "HTTP Request",
    "sampleCount" : 616,
    "errorCount" : 516,
    "errorPct" : 83.766235,
    "meanResTime" : 4614.928571428574,
    "medianResTime" : 3050.5,
    "minResTime" : 1141.0,
    "maxResTime" : 24216.0,
    "pct1ResTime" : 9664.000000000002,
    "pct2ResTime" : 12066.449999999993,
    "pct3ResTime" : 15234.910000000003,
    "throughput" : 13.016376122556789,
    "receivedKBytesPerSec" : 14.710528922345482,
    "sentKBytesPerSec" : 2.415147913365029
  }
}